Workbook

Sheet Reviews
A1: Country | B1: Country code | C1: Rating | D1: Title | E1: Content | F1: Author | G1: App version | H1: Updated (UTC) | I1: Review ID | J1: Author URI | K1: Page
A2: Lithuania | B2: lt | C2: 5 | D2: The best bank | E2: Good app | F2: jiojhu | G2: 46.0 | H2: 2026-03-30T00:40:53-07:00 | I2: 13902584718 | J2: https://itunes.apple.com/lt/reviews/id545295297 | K2: 1
A3: Lithuania | B3: lt | C3: 1 | D3: Nepavyksta susikurti paskyros | E3: Bandžiau susikurti banko paskyrą per mobiliąją programėlę, kad galėčiau naudotis investavimo paslaugomis, tačiau pats registracijos procesas taip ir nebuvo užbaigtas dėl programėlės problemų. Iš pradžių maniau, kad problema gali būti mano pusėje, todėl išbandžiau skirtingus Wi-Fi/mobiliojo ryšio tinklus, patikrinau ar naudojama naujausia programėlės versija, taip pat ar atnaujinta telefono operacinė sistema. Deja, tai nieko nepakeitė – klaida kartojosi. Programėlė nesuteikė jokio aiškaus paaiškinimo, kas negerai, gaudavau pranešimą “Kažkas nepavyko. Bandyk dar kartą!“. Kreipiausi į klientų aptarnavimą, tačiau buvo pasiūlyti tik tie patys bendri patarimai, kuriuos jau buvau išbandęs. Vėliau, nors kelis kartus raštu aprašiau problemą, buvo pasakyta, kad konsultantės nemato mano laiško ir negali padėti. Tokia patirtis kelia rimtų abejonių dėl pačios programėlės patikimumo, ypač kai kalbama apie finansines ir investavimo paslaugas. Dėl to nusprendžiau šios programėlės nenaudoti ir banko paslaugų atsisakyti. | F3: Kasparas Z. | G3: 45.7 | H3: 2026-02-03T08:50:18-07:00 | I3: 13708898565 | J3: https://itunes.apple.com/lt/reviews/id829252332 | K3: 1
A4: Lithuania | B4: lt | C4: 5 | D4: Считай мои | E4: Все хорошо | F4: Фонтамаз | G4: 45.7 | H4: 2025-12-15T06:52:16-07:00 | I4: 13516701338 | J4: https://itunes.apple.com/lt/reviews/id584566429 | K4: 1
A5: Lithuania | B5: lt | C5: 5 | D5: Puikus finansinis partneris | E5: Turiu lizingo sutartį ir kreditinę kortelę. Viskas paprasta nuo paraiškos iki kasdienio vartojimo. 😊 | F5: Rasa2a | G5: 45.7 | H5: 2025-12-15T03:10:19-07:00 | I5: 13516041617 | J5: https://itunes.apple.com/lt/reviews/id488735204 | K5: 1
A6: Lithuania | B6: lt | C6: 1 | D6: Very bad | E6: After app was updated all went wrong. Mobile scan stoped working. To login with mobile signature take more than minute. Old app was much better. | F6: Dr Solik | G6: 45.5 | H6: 2025-10-31T10:38:30-07:00 | I6: 13338839568 | J6: https://itunes.apple.com/lt/reviews/id451394272 | K6: 1
A7: Lithuania | B7: lt | C7: 1 | D7: Prastai | E7: Kodėl dingo Face ID prisijungimas? Visi bankai daro kuo patogesnį prisijungimą, jūs padarėt kuo sudėtingesnį.. grąžinkite greitą ir paprastą prisijungimą su Face ID | F7: Ignelis300 | G7: 45.5 | H7: 2025-10-18T04:42:02-07:00 | I7: 13281979377 | J7: https://itunes.apple.com/lt/reviews/id1098793952 | K7: 1
A8: Lithuania | B8: lt | C8: 5 | D8: Citadele app review | E8: The app is easy to use with all the necessary features that are required in day to day life. Moreover, the app offers points for transactions which can be used for prices and discounts. So far I am more than satisfied with the app. | F8: Piju$ | G8: 45.0 | H8: 2025-04-23T02:09:01-07:00 | I8: 12576000760 | J8: https://itunes.apple.com/lt/reviews/id1237346534 | K8: 1
A9: Lithuania | B9: lt | C9: 1 | D9: Neveikia | E9: Sudas ne programa neimanoma prisijungti | F9: J0ku643 | G9: 45.0 | H9: 2025-04-17T03:03:32-07:00 | I9: 12553195578 | J9: https://itunes.apple.com/lt/reviews/id648335191 | K9: 1
A10: Lithuania | B10: lt | C10: 2 | D10: Labai prastai atsinaujinot | E10: Labai prastas atnaujintas UX, visiškai ne user friendly. Nepatogu naudotis, visos funkcijos sudėtos po scrollu vietoj quick access mygtukų. Daug bereikalingo whitespace pačiam viršuj ir keistu hierarchijos išdėstymu (neaktualios paslaugos pateiktos aukščiau nei aktualios). Atrodo tarsi bandyta kopijuot Revolut appsą, bet UX’ą internas darė. | F10: Rugilė | G10: 44.0 | H10: 2024-11-13T03:39:45-07:00 | I10: 11944884614 | J10: https://itunes.apple.com/lt/reviews/id310367494 | K10: 1
A11: Lithuania | B11: lt | C11: 5 | D11: Service | E11: Exilent | F11: Has Karan | G11: 14.2 | H11: 2024-07-12T10:26:21-07:00 | I11: 11485365551 | J11: https://itunes.apple.com/lt/reviews/id1670546040 | K11: 1
A12: Lithuania | B12: lt | C12: 3 | D12: Lacks features. | E12: Please add budgeting and analytics! And Don’t underpay your developers! | F12: ElvinasM | G12: 14.1 | H12: 2024-05-30T01:50:07-07:00 | I12: 11323012275 | J12: https://itunes.apple.com/lt/reviews/id1613314381 | K12: 1
A13: Lithuania | B13: lt | C13: 1 | D13: Very bad | E13: Labai nepatogi programele, visada stringa, norint prisijungti visada susinervuoji. Iki swedbank programeles jums dar augti ir augti. | F13: Varlytė | G13: 13.7 | H13: 2024-02-25T08:10:30-07:00 | I13: 10978748223 | J13: https://itunes.apple.com/lt/reviews/id337977041 | K13: 1
... A41: Lithuania | B41: lt | C41: 2 | D41: Tik Latvijai | E41: Nepalaiko Lietuvos klientų. Neįmanoma prisijungti prie internetinės bankininkystės. :( | F41: bladò | G41: 2.1 | H41: 2013-05-06T21:24:34-07:00 | I41: 800476396 | J41: https://itunes.apple.com/lt/reviews/id270894101 | K41: 1

Sheet Summary
A1: Country | B1: Reviews fetched | C1: Avg rating (formula) | D1: 5★ | E1: 4★ | F1: 3★ | G1: 2★ | H1: 1★
A2: Estonia | B2: =COUNTIF(Reviews!A:A,A2) | C2: =IFERROR(AVERAGEIF(Reviews!A:A,A2,Reviews!C:C),0) | D2: =COUNTIFS(Reviews!A:A,A2,Reviews!C:C,5) | E2: =COUNTIFS(Reviews!A:A,A2,Reviews!C:C,4) | F2: =COUNTIFS(Reviews!A:A,A2,Reviews!C:C,3) | G2: =COUNTIFS(Reviews!A:A,A2,Reviews!C:C,2) | H2: =COUNTIFS(Reviews!A:A,A2,Reviews!C:C,1)
A3: Lithuania | B3: =COUNTIF(Reviews!A:A,A3) | C3: =IFERROR(AVERAGEIF(Reviews!A:A,A3,Reviews!C:C),0) | D3: =COUNTIFS(Reviews!A:A,A3,Reviews!C:C,5) | E3: =COUNTIFS(Reviews!A:A,A3,Reviews!C:C,4) | F3: =COUNTIFS(Reviews!A:A,A3,Reviews!C:C,3) | G3: =COUNTIFS(Reviews!A:A,A3,Reviews!C:C,2) | H3: =COUNTIFS(Reviews!A:A,A3,Reviews!C:C,1)
A4: Latvia | B4: =COUNTIF(Reviews!A:A,A4) | C4: =IFERROR(AVERAGEIF(Reviews!A:A,A4,Reviews!C:C),0) | D4: =COUNTIFS(Reviews!A:A,A4,Reviews!C:C,5) | E4: =COUNTIFS(Reviews!A:A,A4,Reviews!C:C,4) | F4: =COUNTIFS(Reviews!A:A,A4,Reviews!C:C,3) | G4: =COUNTIFS(Reviews!A:A,A4,Reviews!C:C,2) | H4: =COUNTIFS(Reviews!A:A,A4,Reviews!C:C,1)
A5: TOTAL | B5: =SUM(B2:B4) | C5: =IFERROR(AVERAGE(Reviews!C2:C41),0) | D5: =SUM(D2:D4) | E5: =SUM(E2:E4) | F5: =SUM(F2:F4) | G5: =SUM(G2:G4) | H5: =SUM(H2:H4)
